,Name,Runtime
0,RNAMix1Basic_noDR,44.47590320000001
1,RNAMix2Basic_noDR,18.443330600000078
2,TMLungBasic_noDR,31.16910830000005
3,TMPancBasic_noDR,31.283762000000024
4,Beta2Basic_noDR,5.140657699999792
5,BaronPancSCT_noDR,8.83319979999942
6,PBMC4kBASIC_noDR,34.65715730000011
7,CellMixSngSCT_noDR,10.92349269999977
