,Name,Complete_rt,Clustering_rt
0,RNAMix1Basic_noDR,0.6003066266666679,0.0365466516666667
1,RNAMix2Basic_noDR,0.5645923683333308,0.06554831166666493
2,TMLungBasic_noDR,0.9318478483333328,0.07188793333333479
3,Beta2Basic_noDR,0.8031524283333333,0.7514239566666666
4,TMPancBasic_noDR,0.9966374249999982,0.1551828333333333
5,BaronPancSCT_noDR,0.2333169216666723,0.1857632800000071
6,PBMC4kBASIC_noDR,1.0171215733333308,0.4024227399999972
7,CellMixSngSCT_noDR,0.3660452083333288,0.3425416833333277
